Organization,Followed On
Hireincrypto,Fri Jun 26 16:11:27 UTC 2026
Extractta,Thu Jun 25 17:25:40 UTC 2026
Latino Legends,Wed Jun 24 22:41:29 UTC 2026
Sylvamo,Tue Jun 23 21:08:55 UTC 2026
Neohype,Tue Jun 23 20:52:55 UTC 2026
Cteam-Gruppe,Tue Jun 23 01:03:57 UTC 2026
Insight Kitchen,Mon Jun 22 13:49:38 UTC 2026
BasaGo Jobs,Fri Jun 19 22:16:02 UTC 2026
National Armaments Director Group,Wed Jun 17 23:12:59 UTC 2026
Nimble.LA,Tue Jun 16 14:09:50 UTC 2026
Onze IT,Tue Jun 16 12:22:12 UTC 2026
OCX,Thu Jun 11 00:49:13 UTC 2026
NJF Global Holdings Ltd,Tue Jun 09 23:55:06 UTC 2026
JobMetasearch,Tue Jun 09 21:06:23 UTC 2026
Zukk,Mon Jun 08 19:50:25 UTC 2026
Alphabyte AI,Fri Jun 05 17:55:52 UTC 2026
Associação Comercial do Paraná,Wed Jun 03 11:59:11 UTC 2026
TRACTIAN,Tue Jun 02 23:00:35 UTC 2026
Creditsafe,Tue Jun 02 12:41:33 UTC 2026
LinkedIn Guide to Creating,Mon Jun 01 16:15:01 UTC 2026
Hotnews.pt,Fri May 29 19:45:33 UTC 2026
JUIT,Thu May 28 23:44:49 UTC 2026
GL events,Thu May 28 19:33:23 UTC 2026
ANDRITZ Brazil,Thu May 28 16:37:51 UTC 2026
Sinapse,Tue May 26 12:22:43 UTC 2026
Talento,Mon May 25 11:52:50 UTC 2026
Options Consulting Solutions,Thu May 21 17:19:00 UTC 2026
Voy,Tue May 19 19:01:52 UTC 2026
Press Ganey,Mon May 18 16:58:58 UTC 2026
AMB Sports and Entertainment,Mon May 18 16:58:34 UTC 2026
We Are Fiber,Mon May 18 16:58:21 UTC 2026
Mokkup.ai,Mon May 18 13:48:33 UTC 2026
Recodme,Mon May 18 11:50:34 UTC 2026
ecos work spaces,Fri May 15 16:33:20 UTC 2026
Atain,Fri May 15 02:43:11 UTC 2026
BigBear.ai,Thu May 14 11:02:28 UTC 2026
Metal Toad,Tue May 12 18:54:10 UTC 2026
Roaring,Mon May 11 12:01:11 UTC 2026
MG Info | Data Driven Culture,Thu May 07 13:00:55 UTC 2026
TSC Consultoria em RH,Tue May 05 18:46:02 UTC 2026
*hidden company name*,Mon May 04 16:20:21 UTC 2026
Earthworm Foundation Europe,Mon May 04 10:49:13 UTC 2026
Verisure,Sat May 02 16:24:41 UTC 2026
Abc Technology Group,Wed Apr 29 14:50:08 UTC 2026
PLEX Capital LLC,Tue Apr 28 23:33:04 UTC 2026
Improving,Thu Apr 23 18:51:53 UTC 2026
"World Business Lenders, LLC",Thu Apr 23 16:39:50 UTC 2026
Programadores BR,Wed Apr 22 18:53:32 UTC 2026
Visual Studio Code,Wed Apr 22 18:53:29 UTC 2026
Talent Wind,Tue Apr 21 15:16:46 UTC 2026
remoti,Tue Apr 21 15:15:17 UTC 2026
Markets Group,Tue Apr 21 15:14:59 UTC 2026
Zimmer Biomet,Tue Apr 21 15:08:48 UTC 2026
remota.mente,Tue Apr 21 15:07:18 UTC 2026
Hire Feed,Mon Apr 20 19:05:17 UTC 2026
TD SYNNEX Multi-Country Area (Español),Sat Apr 18 17:03:11 UTC 2026
HFM,Sat Apr 18 17:00:25 UTC 2026
Bidcom,Sat Apr 18 15:38:49 UTC 2026
DevSavant,Sat Apr 18 15:34:59 UTC 2026
"Collyde, Inc.",Fri Apr 17 16:26:02 UTC 2026
MinData,Fri Apr 17 16:21:46 UTC 2026
LTM,Fri Apr 17 15:56:18 UTC 2026
Ondú Cloud,Thu Apr 16 23:40:33 UTC 2026
ZEROGATE,Thu Apr 16 18:39:17 UTC 2026
Preset,Tue Apr 14 19:26:59 UTC 2026
LatAm Talent Partners,Tue Apr 14 18:48:11 UTC 2026
Integris Group,Tue Apr 14 15:45:20 UTC 2026
GeorgiaTEK Systems Inc.,Sat Apr 11 21:40:42 UTC 2026
G2i Inc.,Sat Apr 11 20:26:02 UTC 2026
Félix,Sat Apr 11 20:25:43 UTC 2026
Van Hyde International,Sat Apr 11 20:22:39 UTC 2026
ScoutBetter,Sat Apr 11 16:42:09 UTC 2026
Austra Vias,Fri Apr 10 17:15:23 UTC 2026
Humanly (humanly.io),Fri Apr 10 00:39:21 UTC 2026
ConveyorNow,Fri Apr 10 00:39:07 UTC 2026
ADDMORE Services LLC,Fri Apr 10 00:38:50 UTC 2026
HatchWorks AI,Fri Apr 10 00:37:58 UTC 2026
X-Team,Fri Apr 10 00:35:39 UTC 2026
Epsilon LATAM.,Fri Apr 10 00:34:32 UTC 2026
Insight Assurance,Fri Apr 10 00:33:32 UTC 2026
Gigs,Fri Apr 10 00:31:32 UTC 2026
3Pillar,Fri Apr 10 00:31:16 UTC 2026
EVOL (TSnet),Fri Apr 10 00:31:00 UTC 2026
Runtime Revolution,Fri Apr 10 00:29:52 UTC 2026
GoFasti,Fri Apr 10 00:26:45 UTC 2026
DistantJob,Fri Apr 10 00:26:33 UTC 2026
Panthr,Fri Apr 10 00:24:25 UTC 2026
Allweb3jobs by Crypto Vazima,Thu Apr 09 15:41:53 UTC 2026
AppZime Technologies,Thu Apr 09 11:46:43 UTC 2026
Pontoon Global Solutions Pvt Ltd,Thu Apr 09 11:24:16 UTC 2026
Volkswagen Group Digital Solutions [Portugal],Thu Apr 09 01:16:12 UTC 2026
Seek AI,Wed Apr 08 01:09:37 UTC 2026
Tinybird,Wed Apr 08 01:08:58 UTC 2026
Estuary,Wed Apr 08 01:07:25 UTC 2026
Sifflet,Wed Apr 08 01:07:03 UTC 2026
Metaplane by Datadog,Wed Apr 08 01:06:43 UTC 2026
Dagster Labs,Wed Apr 08 01:06:13 UTC 2026
Prefect,Wed Apr 08 01:02:40 UTC 2026
Airbyte,Wed Apr 08 01:02:14 UTC 2026
RudderStack,Wed Apr 08 00:56:45 UTC 2026
Monte Carlo,Wed Apr 08 00:55:07 UTC 2026
CENSUS,Wed Apr 08 00:53:38 UTC 2026
Hightouch,Wed Apr 08 00:53:10 UTC 2026
STX Next,Wed Apr 08 00:46:47 UTC 2026
Bixal,Wed Apr 08 00:46:05 UTC 2026
ParallelStaff,Wed Apr 08 00:42:19 UTC 2026
Kambda,Wed Apr 08 00:41:36 UTC 2026
Roofr,Wed Apr 08 00:41:00 UTC 2026
Dandy,Wed Apr 08 00:39:23 UTC 2026
Federato,Wed Apr 08 00:30:48 UTC 2026
Influur,Wed Apr 08 00:29:05 UTC 2026
IonQ,Wed Apr 08 00:27:53 UTC 2026
Velozient,Mon Apr 06 16:37:17 UTC 2026
DATA & ANALYTICS - Innovación y Tecnología,Sun Apr 05 16:25:16 UTC 2026
Resilient Co.,Sun Apr 05 15:45:07 UTC 2026
Portable,Thu Apr 02 19:14:19 UTC 2026
Fusion CX,Wed Apr 01 19:55:12 UTC 2026
The Tech Recruiters,Fri Mar 27 23:33:21 UTC 2026
LaTeam Partners,Fri Mar 27 00:28:14 UTC 2026
NeuronSphere,Thu Mar 26 23:33:20 UTC 2026
SAI Creative World,Thu Mar 26 20:39:45 UTC 2026
WPP Production,Wed Mar 25 10:19:21 UTC 2026
LuxData Technology,Mon Mar 23 14:57:33 UTC 2026
TechOp Solutions International,Sat Mar 21 22:16:52 UTC 2026
Swiss Post,Sat Mar 21 22:07:39 UTC 2026
Nuaav,Sat Mar 21 22:00:03 UTC 2026
Everpure,Thu Mar 19 20:19:30 UTC 2026
Swish Analytics,Thu Mar 19 00:40:57 UTC 2026
Data Facts,Wed Mar 18 18:15:28 UTC 2026
Scaffold Education,Fri Mar 13 18:58:14 UTC 2026
Checktudo,Sat Mar 07 15:45:00 UTC 2026
"CodLUCK Technology ., JSC",Wed Mar 04 16:54:55 UTC 2026
BTG Pactual Global Alternatives,Mon Mar 02 12:23:11 UTC 2026
INSYS icom,Mon Mar 02 12:23:10 UTC 2026
Datacement,Sun Mar 01 19:18:39 UTC 2026
ELLING INTERNATIONAL CONSULTING GROUP,Thu Feb 26 19:45:40 UTC 2026
Scalable Systems,Tue Feb 24 12:50:05 UTC 2026
Hi-Tech Talents,Mon Feb 23 22:31:13 UTC 2026
HRA Solutions Services,Sat Feb 21 11:18:38 UTC 2026
Dreamwave Innovation,Fri Feb 20 23:47:42 UTC 2026
Direct IT Recruiting Inc.,Wed Feb 18 19:27:49 UTC 2026
OpportunItaly,Sun Feb 15 01:07:31 UTC 2026
Vasion,Thu Feb 12 18:13:40 UTC 2026
Luxoft Spain,Thu Feb 12 18:05:45 UTC 2026
Optimus Search,Thu Feb 12 18:05:28 UTC 2026
Construo AG,Thu Feb 12 17:59:17 UTC 2026
Boycor,Thu Feb 12 17:47:08 UTC 2026
THE BOARD | people & talent,Thu Feb 12 17:45:49 UTC 2026
Highspring,Tue Feb 10 12:38:08 UTC 2026
Emergya an Ayesa company,Wed Feb 04 13:05:28 UTC 2026
TMC,Wed Feb 04 13:00:03 UTC 2026
Cretum Advisory,Wed Feb 04 12:58:53 UTC 2026
Mática Partners,Tue Feb 03 20:18:33 UTC 2026
Plain Concepts,Tue Feb 03 20:12:28 UTC 2026
GCS,Tue Feb 03 20:04:44 UTC 2026
apreel,Tue Feb 03 20:04:11 UTC 2026
Logicalis Spain,Tue Feb 03 20:00:59 UTC 2026
COREDATA CONSULTANCY,Tue Feb 03 20:00:09 UTC 2026
Rovi Tech,Tue Feb 03 17:16:15 UTC 2026
Marsh Europe,Mon Mar 09 18:51:47 UTC 2026
CAS Training,Mon Feb 02 18:11:17 UTC 2026
NeaMob Tech,Mon Feb 02 18:10:58 UTC 2026
IOON,Mon Feb 02 18:07:09 UTC 2026
Crossing Hurdles,Mon Feb 02 16:46:40 UTC 2026
emagine - Portugal,Mon Feb 02 16:36:51 UTC 2026
MPower Plus,Mon Feb 02 16:28:49 UTC 2026
"ASMARK INSTITUTE, INC.",Mon Feb 02 16:07:34 UTC 2026
Constructor,Mon Feb 02 12:59:35 UTC 2026
Acute InfoSoft Pvt. Ltd.,Mon Feb 02 12:47:47 UTC 2026
Akure Hiring Hub,Mon Feb 02 12:06:32 UTC 2026
Fully Remote Jobs in the UK (Within UK ONLY),Sat Jan 31 19:18:06 UTC 2026
RemoteYeah,Sat Jan 31 19:18:04 UTC 2026
Outside IR35 Jobs | In-Demand,Sat Jan 31 19:17:48 UTC 2026
ML & Data Jobs,Sat Jan 31 19:15:50 UTC 2026
"Cabmac (Changzhou) Automation Equipment Co., Ltd.",Sat Jan 31 14:35:11 UTC 2026
Ruby Labs,Fri Jan 30 17:18:41 UTC 2026
TrendAI,Fri Jan 30 01:29:06 UTC 2026
GRUPO LPJ,Tue Jan 27 20:10:00 UTC 2026
Alphayotta,Mon Jan 26 12:48:34 UTC 2026
"Bluetab, an IBM Company",Mon Jan 26 12:30:35 UTC 2026
Azienda Riservata Italia,Mon Jan 26 12:22:45 UTC 2026
iMedhas Consulting Services,Mon Jan 26 12:22:10 UTC 2026
Vacant Remote Jobs,Fri Jan 23 18:53:25 UTC 2026
CineProMatica,Thu Jan 22 18:51:50 UTC 2026
Bright Data,Thu Jan 22 18:04:00 UTC 2026
Remote Work EU,Thu Jan 22 07:58:36 UTC 2026
Tech First,Wed Jan 21 19:32:34 UTC 2026
Brown & Brown UK,Wed Jan 21 14:21:48 UTC 2026
Xccelerated | Part of Xebia,Wed Jan 21 14:19:26 UTC 2026
Sobi - Swedish Orphan Biovitrum AB (publ),Wed Jan 21 14:18:39 UTC 2026
Hydrogen Group,Wed Jan 21 14:10:05 UTC 2026
OpenSistemas,Wed Jan 21 14:07:23 UTC 2026
Talent-R,Wed Jan 21 13:59:25 UTC 2026
GEO WINGS ENGINEERING PVT LTD,Wed Jan 21 13:59:04 UTC 2026
Kantox,Wed Jan 21 13:58:53 UTC 2026
Bee Engineering,Wed Jan 21 13:56:36 UTC 2026
Digital Waffle,Wed Jan 21 13:56:08 UTC 2026
Marsh,Wed Jan 21 00:15:42 UTC 2026
Bupa,Tue Jan 20 16:58:15 UTC 2026